entity_number,date,status,entity_name,agent
"""ANIMAL MEDICAL CARE FOUNDATION OF MARIN COUNTY, INC."" (665136)",09/15/1972,Suspended - FTB,Nonprofit Corporation - CA - Public Benefit,CALIFORNIA
"""MEDIMETRICS"" (617637)",02/11/1971,Suspended - FTB,Stock Corporation - CA - General,CALIFORNIA
"1 MEDIA WEB SOLUTIONS, INC. (2972398)",03/07/2007,Suspended - FTB,Stock Corporation - CA - General,CALIFORNIA
100 MEDICAL PLAZA IMAGING MEDICAL CORPORATION (1660314),03/16/1990,Terminated,Stock Corporation - CA - General,CALIFORNIA
"1000 SOUTH ELISEO MEDICAL BUILDING, INC. (723931)",10/08/1974,Active,Nonprofit Corporation - CA - Mutual Benefit - Common Interest Development Corporation,CALIFORNIA
1101 MEDIA INC. (4619505),07/25/2020,Suspended - FTB,Stock Corporation - CA - General,CALIFORNIA
"128 LUXURY MED SPA, INC. (6281865)",06/24/2024,Terminated,Stock Corporation - CA - General,CALIFORNIA
"13TH GENERATION MEDIA, INC. (2160874)",04/20/1999,Active,Stock Corporation - CA - General,CALIFORNIA
"17TH STREET PHYSICAL MEDICINE & MEDICAL CLINIC, INC. (2548161)",08/12/2003,Suspended - FTB,Stock Corporation - CA - General,CALIFORNIA
"21ST CENTURY MEDICINE, INC. (1721221)",03/05/1993,Active,Stock Corporation - CA - General,CALIFORNIA
24/7 MEDIA INC. (4286801),06/11/2019,Suspended - FTB,Stock Corporation - CA - General,CALIFORNIA
"24K STARLIGHT MEDICAL AESTHETICS, INC., A MEDICAL CORPORATION (4639587)",09/03/2020,Active,Stock Corporation - CA - General,CALIFORNIA
"2DP Medical, A Medical Corporation (B20250008180)",03/03/2025,Active,Stock Corporation - CA - Professional,CALIFORNIA
2JAYS MEDIA (4558582),01/24/2020,Active,Stock Corporation - CA - General,CALIFORNIA
"2K MEDIA, INC. (2145967)",08/30/1999,Terminated,Stock Corporation - CA - General,CALIFORNIA
"2ND CENTURY MEDICAL EQUIPMENT, INC. (3218942)",07/15/2009,Suspended - FTB,Stock Corporation - CA - General,CALIFORNIA
"3 AMERICAS MEDIA GROUP, INC. (3815051)",08/10/2015,Suspended - FTB,Stock Corporation - CA - General,CALIFORNIA
"3 Musketeers Medical Group, a Medical Corporation (5081454)",05/18/2022,Active,Stock Corporation - CA - Professional,CALIFORNIA
"3 STEPS AHEAD MEDIA, INC. (3097198)",04/23/2008,Suspended - FTB,Stock Corporation - CA - General,CALIFORNIA
"3 VETERANS MEDIA, INC. (3715553)",09/25/2014,Terminated,Stock Corporation - Out of State - Stock,DELAWARE
3038 DIGITAL MEDIA (4233118),01/15/2019,Active,Stock Corporation - CA - General,CALIFORNIA
365 Med Corp (5203916),08/16/2022,Active,Stock Corporation - CA - Professional,CALIFORNIA
"3R SURGICAL INC., A MEDICAL CORPORATION (4268507)",04/19/2019,Active,Stock Corporation - CA - General,CALIFORNIA
"3SB MEDIA, INC. (4678471)",01/01/2021,Converted Out,Stock Corporation - CA - General,CALIFORNIA
"3V Medical, Inc. which will do business in California as CA Div 3V Medical (5339003)",12/06/2022,Active,Stock Corporation - Out of State - Stock,DELAWARE
"3V MEDICAL, INC., A PROFESSIONAL MEDICAL CORPORATION (4703577)",02/11/2021,Active,Stock Corporation - CA - Professional,CALIFORNIA
420 MED EVALUATIONS INC. (3565514),04/30/2013,Terminated,Stock Corporation - CA - General,CALIFORNIA
"514 MEDIA, INC. (3936950)",08/16/2016,Suspended - FTB,Stock Corporation - CA - General,CALIFORNIA
"5H MEDIA, INC. (3990258)",02/03/2017,Terminated,Stock Corporation - Out of State - Stock,DELAWARE
6925 Med Restaurant LLC (202462712391),06/17/2024,Active,Limited Liability Company - CA,CALIFORNIA
7 MEDIA SOLUTIONS (3894244),04/06/2016,Suspended - FTB,Stock Corporation - CA - General,CALIFORNIA
"7 MILES MEDIA, INC. (2573175)",01/14/2004,Active,Stock Corporation - CA - General,CALIFORNIA
"7TH & ALAMITOS MEDICAL GROUP, INC., A MEDICAL CORPORATION (943836)",10/26/1979,Suspended - FTB,Stock Corporation - CA - General,CALIFORNIA
"84-SLU MEDICINE SCHOLARSHIP PROGRAM, INCORPORATED (3317073)",07/13/2010,Suspended - FTB/SOS,Nonprofit Corporation - CA - Public Benefit,CALIFORNIA
911 AMBULANCE PROVIDER'S MEDI-CAL ALLIANCE (3760940),02/25/2015,Suspended - FTB/SOS,Nonprofit Corporation - CA - Mutual Benefit,CALIFORNIA
"911 MEDIA, INC. (2692717)",12/01/2004,Suspended - FTB,Stock Corporation - CA - General,CALIFORNIA
"955 MED SPA, INC. (6495640)",12/16/2024,Active,Stock Corporation - CA - Professional,CALIFORNIA
"9X MEDIA, INC. (2356633)",08/28/2001,Suspended - FTB,Stock Corporation - CA - General,CALIFORNIA
"A & A MEDICAL EQUIPMENT, INC. (2282311)",04/20/2001,Suspended - FTB/SOS,Stock Corporation - CA - General,CALIFORNIA
A & D MEDICAL SUPPLY (4226177),12/28/2018,Suspended - FTB,Stock Corporation - CA - General,CALIFORNIA
"A AAAABA MEDICAL PSYCHOTHERAPY GROUP, INC. (1618535)",07/06/1988,Suspended - FTB,Stock Corporation - CA - General,CALIFORNIA
"A BODY CENTER, A MEDICAL CORPORATION (3016385)",06/14/2007,Terminated,Stock Corporation - CA - General,CALIFORNIA
A C MEDIA INC. (2103936),03/12/1999,Terminated,Stock Corporation - CA - General,CALIFORNIA
A CUT ABOVE MEDIA INC. (3362779),01/21/2011,Active,Stock Corporation - CA - General,CALIFORNIA
A HELPING HAND MEDICAL FOUNDATION (3753537),02/04/2015,Active,Nonprofit Corporation - CA - Public Benefit,CALIFORNIA
A L'Orange Med Spa (6377276),09/06/2024,Terminated,Stock Corporation - CA - Professional,CALIFORNIA
A MED SUPPLY INC (6165861),03/29/2024,Active,Stock Corporation - CA - General,CALIFORNIA
A ONE MED TRANSPORT INC (5252971),09/18/2022,Active,Stock Corporation - CA - General,CALIFORNIA
A PLUS MEDICAL (2999336),05/25/2007,Terminated,Stock Corporation - CA - General,CALIFORNIA
"A PLUS MEDICAL SUPPLIES, INC. (3751671)",02/03/2015,Terminated,Stock Corporation - CA - General,CALIFORNIA
A R SHIRAZI MEDICAL CORPORATION (2994925),04/17/2008,Suspended - FTB,Stock Corporation - CA - General,CALIFORNIA
"A Touch Above Med Spa, LLC (202464919520)",12/18/2024,Active,Limited Liability Company - CA,CALIFORNIA
"A V MEDIA, INC. (2240705)",10/16/2000,Suspended - FTB,Stock Corporation - CA - General,CALIFORNIA
A WOMAN FOR WOMEN MEDICAL GROUP INC. (1514603),07/02/1990,Active,Stock Corporation - CA - General,CALIFORNIA
"A WOMAN'S PLACE MEDICAL CORPORATION, MILDRED BALMA-RODAS, M.D., INC. (1690298)",06/28/1991,Terminated,Stock Corporation - CA - General,CALIFORNIA
A&D MED SUPPLY (5638152),04/10/2023,Active,Stock Corporation - CA - General,CALIFORNIA
"A. ANTHONY, A MEDICAL CORPORATION (1423335)",11/24/1987,Terminated,Stock Corporation - CA - General,CALIFORNIA
"A. HILL MEDIA, INC. (2689591)",10/14/2004,Suspended - FTB,Stock Corporation - CA - General,CALIFORNIA
"A. MARKARIAN, M. D. A MEDICAL CORPORATION (607956)",09/24/1970,Terminated,Stock Corporation - CA - General,CALIFORNIA
"A. MEDIA, INC. (1892387)",07/01/1994,Terminated,Stock Corporation - CA - General,CALIFORNIA
"A. VENKATESH, M.D. INC., A MEDICAL CORPORATION (1056885)",10/09/1981,Terminated,Stock Corporation - CA - General,CALIFORNIA
A. WALI MUHAMMAD MEDICAL CLINIC AND RESEARCH INSTITUTE (1771373),10/11/1995,Suspended - SOS,Nonprofit Corporation - CA - Public Benefit,CALIFORNIA
"A.B.C. MEDICAL LABORATORIES, INC. (933043)",06/13/1979,Suspended - FTB,Stock Corporation - CA - General,CALIFORNIA
"A.B.O. TRANSFUSION MEDICINE AND PATHOLOGY SERVICE A MEDICAL GROUP, INC. (1440672)",07/11/1988,Terminated,Stock Corporation - CA - General,CALIFORNIA
"A.C.W. MEDICAL PRODUCTS, INC. (537112)",12/06/1967,Terminated,Stock Corporation - CA - General,CALIFORNIA
"A.G. WOUND CARE SPECIALISTS, A PROFESSIONAL MEDICAL CORPORATION (4838736)",01/19/2022,Active,Stock Corporation - CA - Professional,CALIFORNIA
"A.S. MEDICAL SERVICES, INC. (3907144)",05/13/2016,Active,Stock Corporation - CA - General,CALIFORNIA
"A+ MEDICAL, INC. (3967405)",12/05/2016,Suspended - FTB/SOS,Nonprofit Corporation - CA - Mutual Benefit,CALIFORNIA
"A2G3 MEDIA, INC. (4276990)",05/13/2019,Suspended - FTB,Stock Corporation - CA - General,CALIFORNIA
AA MED GROUP (4817928),12/08/2021,Active,Stock Corporation - CA - General,CALIFORNIA
AA MEDIA INC. (4180843),08/02/2018,Suspended - FTB,Stock Corporation - CA - General,CALIFORNIA
AA MEDICAL GROUP INC. (2624010),02/11/2004,Suspended - FTB,Stock Corporation - CA - General,CALIFORNIA
AA MEDWELL CORP. (3555484),03/20/2013,Terminated,Stock Corporation - CA - General,CALIFORNIA
AAA CHRONIC MEDICAL SUPPLY INC. (3854227),12/17/2015,Suspended - FTB,Nonprofit Corporation - CA - Mutual Benefit,CALIFORNIA
"AAL MEDIA, INC. (3287311)",03/22/2010,Terminated,Stock Corporation - CA - General,CALIFORNIA
AAM MED INC (6377794),09/09/2024,Active,Stock Corporation - CA - General,CALIFORNIA
"AAMAAN MEDICAL BILLING SERVICES, INC. (3814366)",08/06/2015,Active,Stock Corporation - CA - General,CALIFORNIA
AB MEDICAL COMMUNICATIONS INC (4224466),12/24/2018,Active,Stock Corporation - CA - General,CALIFORNIA
AB MEDICAL INCORPORATED (3207385),04/24/2009,Terminated,Stock Corporation - CA - General,CALIFORNIA
"AB1 MEDICAL CARE, INC. (1716257)",12/04/1992,Terminated,Nonprofit Corporation - CA - Mutual Benefit,CALIFORNIA
"ABACI MASSEY MEDICAL GROUP, INC. (3496978)",08/13/2012,Terminated,Stock Corporation - CA - General,CALIFORNIA
"ABBA MEDICAL SERVICES, INC. (1880552)",01/01/1994,Terminated,Stock Corporation - CA - General,CALIFORNIA
"ABBEY WORLD MEDIA, INC. (929755)",09/01/1979,Terminated,Stock Corporation - CA - General,CALIFORNIA
"ABBY MEDICAL ASSOCIATES, INC. (3872130)",02/04/2016,Active,Stock Corporation - CA - General,CALIFORNIA
ABC MEDICAL GROUP INC. (1733985),11/09/1993,Suspended - FTB,Stock Corporation - CA - General,CALIFORNIA
"ABC MEDICAL MANAGEMENT COMPANY, INC. (2085157)",04/23/1998,Suspended - FTB,Stock Corporation - CA - General,CALIFORNIA
"ABC MEDICAL NETWORK, INC. (1706010)",04/24/1992,Terminated,Stock Corporation - CA - General,CALIFORNIA
"ABHAY PARIKH, MEDICAL CORPORATION (2932363)",10/02/2006,Active,Stock Corporation - CA - General,CALIFORNIA
ABLE MEDICAL SUPPLY INC (4582699),03/25/2020,Active,Stock Corporation - CA - General,CALIFORNIA
Ably Med Training LLC (202359819916),11/25/2023,Active,Limited Liability Company - CA,CALIFORNIA
Above The Rest Med Transit LLC (202252414918),09/13/2022,Active,Limited Liability Company - CA,CALIFORNIA
"ABRAM KOSTENBOYM, M.D. SANTA MONICA MEDICAL CLINIC, INC. (2404555)",02/21/2002,Terminated,Stock Corporation - CA - General,CALIFORNIA
ABSOLUTE CARE NON-EMERGENCY MEDICAL ABSOLUTE CARE NON-EMERGENCY MEDICAL TRANSPORTATION LLC (201216110146),05/29/2012,Suspended - FTB/SOS,Limited Liability Company - CA,CALIFORNIA
"ABSOLUTE MEDICAL PARTNERS, A PROFESSIONAL MEDICAL CORPORATION (4304332)",08/08/2019,Active,Stock Corporation - CA - Professional,CALIFORNIA
AC MEDICAL GROUP (4689103),02/01/2021,Terminated,Stock Corporation - CA - General,CALIFORNIA
"ACADEMIC HOSPITALISTS MEDICAL GROUP, INC. (2775880)",10/31/2005,Terminated,Stock Corporation - CA - General,CALIFORNIA
"ACADEMIC MEDIA, INC. (539691)",01/25/1968,Terminated,Stock Corporation - CA - General,CALIFORNIA
ACADEMY FOR INTEGRATIVE MEDICINE (2540335),06/03/2003,Suspended - FTB/SOS,Nonprofit Corporation - CA - Public Benefit,CALIFORNIA
ACADEMY FOR MEDICAL EDUCATION (2290043),06/21/2002,Active,Stock Corporation - CA - General,CALIFORNIA
"ACADEMY MEDICAL SYSTEMS, INC. (983213)",05/15/1980,Terminated,Stock Corporation - CA - General,CALIFORNIA
ACADEMY OF INTEGRATIVE CHINESE MEDICINE AND PAIN MANAGEMENT (4002664),03/09/2017,Suspended - FTB/SOS,Nonprofit Corporation - CA - Public Benefit,CALIFORNIA
"ACADEMY OF ORIENTAL MEDICINE, ACUPUNCTURE AND CANCER RESEARCH OF AMERICA (1195735)",02/18/1987,Terminated,Nonprofit Corporation - CA - Mutual Benefit,CALIFORNIA
"ACCENTE LASER MEDICAL CENTER, A MEDICAL CORPORATION (2559644)",11/18/2003,Terminated,Stock Corporation - CA - General,CALIFORNIA
ACCESS CALIFORNIA IMAGING MEDICAL GROUP INC (3665145),04/09/2014,Terminated,Stock Corporation - CA - General,CALIFORNIA
"ACCESS DOCTOR CARE MEDICAL CLINIC, INC. (2371907)",01/02/2002,Terminated,Stock Corporation - CA - General,CALIFORNIA
ACCESS MEDIA INC. (2530981),04/28/2003,Suspended - FTB,Stock Corporation - CA - General,CALIFORNIA
"ACCESS MEDICAL CARE, A PROFESSIONAL MEDICAL CORPORATION (1778882)",02/22/1996,Active,Stock Corporation - CA - Professional,CALIFORNIA
"ACCESS MEDICAL CENTERS, A PROFESSIONAL MEDICAL CORPORATION (2285844)",11/27/2001,Active,Stock Corporation - CA - Professional,CALIFORNIA
"ACCESS MEDICAL SERVICES, INC. (1735943)",12/27/1993,Suspended - FTB,Stock Corporation - CA - General,CALIFORNIA
"ACCESS MEDICAL SUPPLY, INC. (2526323)",10/09/2003,Terminated,Stock Corporation - CA - General,CALIFORNIA
"ACCESS MEDICAL, INC. (3167224)",11/03/2008,Active,Stock Corporation - Out of State - Stock,UTAH
"ACCESS POINT MEDICAL, INC (2930213)",09/18/2006,Forfeited - FTB,Stock Corporation - Out of State - Stock,DELAWARE
ACCESS PRIMARY MEDICAL GROUP (3427488),11/15/2011,Terminated,Stock Corporation - CA - General,CALIFORNIA
"ACCIDENT, INJURY AND MEDICAL MALPRACTICE ATTORNEYS OF CALIFORNIA, APC (3863414)",01/12/2016,Suspended - FTB/SOS,Stock Corporation - CA - Professional,CALIFORNIA
"ACCOUNTABLE MEDICAL GROUP, INC., A PROFESSIONAL MEDICAL CORPORATION (3340005)",12/30/2010,Suspended - FTB,Stock Corporation - CA - Professional,CALIFORNIA
"ACCREDITED PROFESSIONAL MEDICAL GROUP, INC. (2425195)",03/13/2002,Suspended - FTB,Stock Corporation - CA - General,CALIFORNIA
"ACCU MEDICAL BILLING, INC. (2093473)",09/17/1998,Suspended - FTB,Stock Corporation - CA - General,CALIFORNIA
ACCURATE MEDICAL REGISTRY INC. (2696996),01/20/2005,Suspended - FTB,Stock Corporation - CA - General,CALIFORNIA
"ACE FOOT AND ANKLE MEDICAL CLINIC, INC. (3615288)",10/28/2013,Active,Stock Corporation - CA - General,CALIFORNIA
"ACE MEDIA GROUP, INC. (1745238)",06/02/1994,Suspended - FTB/SOS,Stock Corporation - CA - General,CALIFORNIA
ACE MEDIA INC (2594590),04/03/2006,Terminated,Stock Corporation - Out of State - Stock,NEVADA
ACE MEDIA INVESTMENT INC. (3524045),12/03/2012,Suspended - FTB,Stock Corporation - CA - General,CALIFORNIA
ACE MEDICAL ALTERNATIVES (3337317),12/17/2010,Suspended - FTB,Nonprofit Corporation - CA - Mutual Benefit,CALIFORNIA
"ACE MEDICAL ASSOCIATES, INC., A PROFESSIONAL CORPORATION (3481638)",06/18/2012,Active,Stock Corporation - CA - Professional,CALIFORNIA
ACE MEDICAL COMPANY (749015),01/15/1976,Merged Out,Stock Corporation - CA - General,CALIFORNIA
"ACE MEDICAL GROUP, INC., A MEDICAL CORPORATION (2717714)",01/24/2005,Suspended - FTB/SOS,Stock Corporation - CA - General,CALIFORNIA
"ACE MEDICAL REHAB CLINIC, INC. (2202730)",11/20/2000,Suspended - FTB/SOS,Stock Corporation - CA - General,CALIFORNIA
"ACE MEDICAL TRANSPORTATION, INCORPORATED (1290933)",11/07/1985,Terminated,Stock Corporation - CA - General,CALIFORNIA
"ACEVEDO MEDICAL GROUP, A MEDICAL CORPORATION (2924858)",08/23/2007,Suspended - FTB,Stock Corporation - CA - General,CALIFORNIA
ACHIEVE MEDICAL GROUP INC. (3295944),05/07/2010,Terminated,Stock Corporation - CA - General,CALIFORNIA
ACHILLEION MEDIA (4552498),01/10/2020,Active,Stock Corporation - CA - General,CALIFORNIA
ACHILLES MEDICAL GROUP INC. (956486),04/10/1980,Suspended - FTB,Stock Corporation - CA - General,CALIFORNIA
"ACHP MEDICAL GROUP, INC. (2097779)",12/16/1998,Suspended - FTB/SOS,Stock Corporation - CA - General,CALIFORNIA
"ACM INTERNATIONAL MEDICAL SERVICES, INC. (2349387)",06/29/2001,Suspended - FTB/SOS,Stock Corporation - CA - General,CALIFORNIA
"ACNE MEDICAL CLINICS, INC. (689508)",09/19/1973,Suspended - FTB,Stock Corporation - CA - General,CALIFORNIA
"ACO CLINICA MEDICA SAN MIGUEL, A MEDICAL CORPORATION (3812594)",07/31/2015,Suspended - FTB/SOS,Stock Corporation - CA - General,CALIFORNIA
"ACOM MEDICAL GROUP, INC. (2647000)",04/19/2004,Terminated,Stock Corporation - CA - General,CALIFORNIA
ACORN MEDICAL PRODUCTS INCORPORATED (1435559),05/02/1988,Terminated,Stock Corporation - CA - General,CALIFORNIA
"Action Doc & Medspa, A Professional Medical Corp (6215430)",05/03/2024,Active,Stock Corporation - CA - Professional,CALIFORNIA
"ACTIVE HEALTHCARE MEDICAL GROUP, INC., A CALIFORNIA MEDICAL CORPORATION (2424707)",07/22/2002,Active,Stock Corporation - CA - General,CALIFORNIA
"ACTIVE INDOOR MEDIA, INC. (2655120)",06/01/2004,Terminated,Stock Corporation - CA - General,CALIFORNIA
ACTIVE MEDICAL TECHNOLOGY INC. (4804751),10/27/2021,Active,Stock Corporation - CA - General,CALIFORNIA
ACTIVE MEDICS INC. (3104365),06/10/2008,Suspended - FTB,Stock Corporation - CA - General,CALIFORNIA
"ACT-LINE MEDICAL, INC., A PROFESSIONAL MEDICAL CORPORATION (3954190)",10/19/2016,Active,Stock Corporation - CA - Professional,CALIFORNIA
"ACTUAL EYES MEDIA, INC. (2899258)",07/13/2006,Suspended - FTB,Stock Corporation - CA - General,CALIFORNIA
"ACUPUNCTURE & CHINESE MEDICINE CENTER, INC. (3119535)",05/19/2009,Terminated,Stock Corporation - CA - General,CALIFORNIA
"ACUTE CARE MEDICAL GROUP OF ORANGE, INC. (1957850)",01/19/1996,Merged Out,Stock Corporation - CA - General,CALIFORNIA
"ACUTE CARE SPECIALISTS MEDICAL GROUP, A MEDICAL CORPORATION (1334062)",03/14/1985,Suspended - FTB,Stock Corporation - CA - General,CALIFORNIA
"ACUTE CARE SURGERY MEDICAL GROUP, INC. (3056079)",11/29/2007,Active,Stock Corporation - CA - General,CALIFORNIA
"ACUTE MEDICAL PROVIDERS - TELEMEDICINE, A MEDICAL CORPORATION (4073626)",10/11/2017,Terminated,Stock Corporation - CA - General,CALIFORNIA
"ACUTE MEDICAL PROVIDERS, INC. (3428724)",11/18/2011,Active,Stock Corporation - CA - General,CALIFORNIA
ADA MAY MEDICAL LABORATORY (554606),10/08/1968,Suspended - FTB,Stock Corporation - CA - General,CALIFORNIA
"ADAPTIVE MEDIAS, INC. (3421031)",10/17/2011,Forfeited - FTB,Stock Corporation - Out of State - Stock,NEVADA
"ADDICTION MEDICINE SPECIALISTS MEDICAL ASSOCIATES, INC. (1045559)",06/02/1981,Terminated,Stock Corporation - CA - General,CALIFORNIA
"ADDIS MEDICAL GROUP, A MEDICAL CORPORATION (3331765)",11/05/2010,Active,Stock Corporation - CA - General,CALIFORNIA
"ADELANTO MED CENTER, INC. (3319815)",09/13/2010,Terminated,Nonprofit Corporation - CA - Mutual Benefit,CALIFORNIA
"ADESSO GASTROENTEROLOGY SPECIALISTS, A MEDICAL CORPORATION (1975846)",07/29/1996,Suspended - FTB/SOS,Stock Corporation - CA - General,CALIFORNIA
"ADESSO MEDICAL SPECIALISTS, A MEDICAL CORPORATION (1972190)",06/24/1996,Suspended - FTB/SOS,Stock Corporation - CA - General,CALIFORNIA
"ADETUNJI ADELEKAN, M.D., A MEDICAL CORPORATION (691187)",10/15/1973,Suspended - FTB,Stock Corporation - CA - General,CALIFORNIA
ADGILE MEDIA GROUP INC. (4819778),12/10/2021,Active,Stock Corporation - Out of State - Stock,DELAWARE
ADHERENCE MEDICAL GROUP A PROFESSIONAL MEDICAL CORPORATION (4305277),08/06/2019,Active,Stock Corporation - CA - Professional,CALIFORNIA
"ADIN MEDIA, INC. (3636466)",01/14/2014,Suspended - FTB,Stock Corporation - CA - General,CALIFORNIA
ADNA MEDICAL MANAGEMENT INC. (3351457),01/18/2011,Active,Stock Corporation - CA - General,CALIFORNIA
ADRIAN TRIPP M.D. MEDICAL CORPORATION (4073490),10/10/2017,Active,Stock Corporation - CA - General,CALIFORNIA
"ADULT MEDICINE CLINIC, A MEDICAL GROUP, INC. (1843524)",07/14/1993,Suspended - FTB/SOS,Stock Corporation - CA - General,CALIFORNIA
ADVANCE CARE MEDICAL SUPPLY INC (4154038),05/16/2018,Active,Stock Corporation - CA - General,CALIFORNIA
"ADVANCE PAIN TREATMENT MEDICAL CENTER, INC. (3050970)",10/15/2007,Active,Stock Corporation - CA - General,CALIFORNIA
ADVANCE RADIOLOGY CONSULTANTS MEDICAL GROUP INC. (1472005),11/15/1989,Suspended - FTB,Stock Corporation - CA - General,CALIFORNIA
"ADVANCED BODY SOLUTIONS MEDICAL ASSOCIATES, A MEDICAL CORPORATION (3389324)",06/28/2011,Terminated,Stock Corporation - CA - General,CALIFORNIA
"ADVANCED CENTER MEDICAL GROUP, A MEDICAL CORPORATION (2405030)",03/05/2002,Terminated,Stock Corporation - CA - General,CALIFORNIA
"ADVANCED CENTER NUCLEAR MEDICINE MEDICAL GROUP, INC. (1787823)",07/24/1996,Terminated,Stock Corporation - CA - General,CALIFORNIA
"ADVANCED DERMATOLOGY & COSMETIC SURGERY MEDICAL GROUP INC., A PROFESSIONAL MEDICAL CORPORATION (3533488)",02/11/2013,Terminated,Stock Corporation - CA - Professional,CALIFORNIA
"ADVANCED FAMILY PLANNING MEDICAL ASSOCIATES, A PROFESSIONAL CORPORATION (1645197)",07/21/1989,Suspended - FTB,Stock Corporation - CA - Professional,CALIFORNIA
"ADVANCED HOSPITALIST MEDICAL GROUP, INC. (2779010)",12/19/2005,Active,Stock Corporation - CA - General,CALIFORNIA
"ADVANCED IMAGING ASSOCIATES, A MEDICAL CORPORATION (1674489)",10/17/1990,Terminated,Stock Corporation - CA - General,CALIFORNIA
"ADVANCED IMAGING MEDICAL GROUP, INC. (3360466)",02/17/2011,Terminated,Stock Corporation - CA - General,CALIFORNIA
"ADVANCED INDUSTRIAL PHYSICAL MEDICINE MEDICAL GROUP, INC. (1473835)",12/20/1989,Suspended - FTB,Stock Corporation - CA - General,CALIFORNIA
ADVANCED INTEGRATIVE MEDICINE & SURGERY INC. (3669944),04/25/2014,Active,Stock Corporation - CA - General,CALIFORNIA
"ADVANCED INTERNAL MEDICINE, A MEDICAL CORPORATION (1670312)",08/09/1990,Suspended - FTB,Stock Corporation - CA - General,CALIFORNIA
ADVANCED MEDIA & MARKETING SOLUTIONS INC. (3078415),03/04/2008,Terminated,Stock Corporation - CA - General,CALIFORNIA
ADVANCED MEDIA PARTNERS INC (3786979),05/12/2015,Suspended - FTB,Stock Corporation - CA - General,CALIFORNIA
"ADVANCED MEDIA PRODUCTIONS, INC. (2143932)",07/28/1999,Suspended - FTB,Stock Corporation - CA - General,CALIFORNIA
"ADVANCED MEDIA TRAINING, INC. (2407870)",03/19/2002,Forfeited - FTB,Stock Corporation - Out of State - Stock,DELAWARE
"ADVANCED MEDICAL ASSOCIATES, RESEARCH & DEVELOPMENT (1040004)",03/26/1981,Suspended - FTB,Stock Corporation - CA - General,CALIFORNIA
"ADVANCED MEDICAL BILLING CENTER, INC. (3072943)",01/09/2008,Active,Stock Corporation - CA - General,CALIFORNIA
"ADVANCED MEDICAL BUILDERS, INC. (2508075)",04/09/2003,Active,Stock Corporation - CA - General,CALIFORNIA
ADVANCED MEDICAL CARE PARTNERS INC. (4324853),10/07/2019,Active,Stock Corporation - CA - General,CALIFORNIA
"ADVANCED MEDICAL CONSULTANTS, A MEDICAL CORPORATION (2441497)",06/26/2002,Terminated,Stock Corporation - CA - General,CALIFORNIA
"ADVANCED MEDICAL CONSULTING, INC. (2497121)",02/07/2003,Suspended - FTB,Stock Corporation - CA - General,CALIFORNIA
ADVANCED MEDICAL CORP. (2614721),06/02/2004,Suspended - FTB,Stock Corporation - CA - General,CALIFORNIA
"ADVANCED MEDICAL ENGINEERING, INC. (1806322)",02/18/1992,Suspended - FTB,Stock Corporation - CA - General,CALIFORNIA
ADVANCED MEDICAL EQUIPMENT AND SUPPLIES (4207561),10/26/2018,Suspended - FTB,Stock Corporation - CA - General,CALIFORNIA
"ADVANCED MEDICAL FUNDING, INC. (1725849)",05/27/1993,Terminated,Stock Corporation - CA - General,CALIFORNIA
"ADVANCED MEDICAL GAS & PLUMBING, INC. (1722548)",03/29/1993,Suspended - FTB,Stock Corporation - CA - General,CALIFORNIA
"ADVANCED MEDICAL IMAGING, INC. (1034936)",01/22/1981,Suspended - FTB,Stock Corporation - CA - General,CALIFORNIA
"ADVANCED MEDICAL OFFICE SYSTEMS, INC. (1815223)",02/11/1992,Terminated,Stock Corporation - CA - General,CALIFORNIA
"ADVANCED MEDICAL PSYCHIATRIC SERVICES, INC., A PROFESSIONAL MEDICAL CORPORATION (2867362)",02/16/2006,Active,Stock Corporation - CA - Professional,CALIFORNIA
ADVANCED MEDICAL RESOURCES INC. (1791408),09/27/1996,Suspended - FTB,Stock Corporation - CA - General,CALIFORNIA
"ADVANCED MEDICAL SERVICES, INC. (631914)",08/18/1971,Suspended - FTB,Stock Corporation - CA - General,CALIFORNIA
"ADVANCED MEDICAL SYSTEMS, INC. (1694223)",08/27/1991,Terminated,Stock Corporation - CA - General,CALIFORNIA
"ADVANCED MEDICAL THERMOGRAPHY, INC. (2896022)",05/31/2006,Active,Stock Corporation - CA - General,CALIFORNIA
ADVANCED MEDICINAL CARE INC. (3856602),12/24/2015,Suspended - FTB,Nonprofit Corporation - CA - Mutual Benefit,CALIFORNIA
"ADVANCED MRI MEDICAL GROUP., PROF. CORP. (2252565)",06/21/2000,Terminated,Stock Corporation - CA - Professional,CALIFORNIA
"ADVANCED MULTI-SPECIALTY MEDICAL GROUP, INC. (1336983)",04/15/1985,Suspended - FTB/SOS,Stock Corporation - CA - General,CALIFORNIA
"ADVANCED OB/GYN ASSOCIATES, A MEDICAL CORPORATION (2419338)",06/07/2002,Active,Stock Corporation - CA - General,CALIFORNIA
"ADVANCED OPIOID TREATMENT MEDICAL GROUP, A PROFESSIONAL MEDICAL CORPORATION (2137173)",04/20/1999,Active,Stock Corporation - CA - Professional,CALIFORNIA
ADVANCED ORTHOPEDIC SURGERY & SPORTS MEDICINE INC (2341199),04/19/2001,Suspended - SOS,Stock Corporation - CA - General,CALIFORNIA
"ADVANCED ORTHOPEDICS AND SPORTS MEDICINE, A MEDICAL CORPORATION (2184178)",12/06/1999,Terminated,Stock Corporation - CA - General,CALIFORNIA
"ADVANCED PAIN REHABILITATION MEDICINE, A MEDICAL CORPORATION (1869840)",01/03/1994,Terminated,Stock Corporation - CA - General,CALIFORNIA
"ADVANCED PROFESSIONAL IMAGING MEDICAL GROUP, INC., A PROFESSIONAL CORPORATION (2424479)",06/28/2002,Terminated,Stock Corporation - CA - Professional,CALIFORNIA
ADVANCED RESEARCH MARKETING & MEDIA CORPORATION (1932244),04/10/1995,Suspended - FTB/SOS,Stock Corporation - CA - General,CALIFORNIA
"ADVANCED VETERINARY INTERNAL MEDICINE, INC. (3385512)",06/14/2011,Active,Stock Corporation - CA - General,CALIFORNIA
ADVANCES IN MEDICINE (AIM) MEDICAL CENTER INC. (1775018),12/27/1995,Terminated,Stock Corporation - CA - General,CALIFORNIA
"ADVANTAGE MEDIA & MARKETING, INC. (2280626)",01/22/2001,Suspended - FTB,Stock Corporation - CA - General,CALIFORNIA
"ADVANTAGE MEDICAL CARE - MEDICAL GROUP, INC. (2667616)",07/23/2004,Suspended - FTB/SOS,Stock Corporation - CA - General,CALIFORNIA
"ADVANTAGE MEDICAL GROUP & REHAB, INC., PROFESSIONAL MEDICAL CORPORATION (2707933)",11/09/2004,Suspended - FTB,Stock Corporation - CA - Professional,CALIFORNIA
AEA MED LLC (202461214042),03/01/2024,Active,Limited Liability Company - CA,CALIFORNIA
"AESTHETIC DERMATOLOGY AND COSMETIC SURGERY MEDICAL ASSOCIATES, INC. (1147884)",07/29/1983,Active,Stock Corporation - CA - Professional,CALIFORNIA
"AESTHETIC LASER CENTER OF VENTURA COUNTY, A MEDICAL GROUP, INC. (1960256)",02/13/1996,Terminated,Stock Corporation - CA - General,CALIFORNIA
Aesthetic Med LLC (202357913568),06/27/2023,Terminated,Limited Liability Company - CA,CALIFORNIA
Aesthetic Med LLC (5628091),04/05/2023,Inactive,Name Reservation,CALIFORNIA
AESTHETIC MEDICAL SERVICES INCORPORATED (3666783),04/15/2014,Terminated,Stock Corporation - CA - General,CALIFORNIA
AESTHETIC RX MEDICAL SOLUTIONS CORP. (3326977),10/14/2010,Suspended - FTB,Stock Corporation - CA - General,CALIFORNIA
"AESTHETIC SURGERY & LASER MEDICAL CENTER, INC., A MEDICAL CORPORATION (1981469)",03/28/1997,Active,Stock Corporation - CA - General,CALIFORNIA
"AF MEDIA USA, INC. (3746673)",01/22/2015,Suspended - FTB/SOS,Stock Corporation - CA - General,CALIFORNIA
AFFILIATE MED STAFF LLC (202253211104),11/03/2022,Active,Limited Liability Company - CA,CALIFORNIA
"AFFILIATED FAMILY MEDICAL GROUPS, INC. (1806640)",03/02/1992,Suspended - FTB,Stock Corporation - CA - General,CALIFORNIA
"AFFILIATED PATHWAYS MEDICAL GROUP, A PROFESSIONAL MEDICAL CORPORATION (3718620)",10/15/2014,Suspended - FTB,Stock Corporation - CA - Professional,CALIFORNIA
"AFFILIATES IN MEDICAL SPECIALTIES MEDICAL GROUP, INC. (753638)",09/08/1975,Active,Stock Corporation - CA - General,CALIFORNIA
"AFFINITY MEDIA, INC. (2922626)",07/19/2007,Forfeited - FTB,Stock Corporation - Out of State - Stock,DELAWARE
"AFFINITY WOMEN'S HEALTH MEDICAL GROUP, INCORPORATED (1206877)",07/25/1983,Active,Stock Corporation - CA - General,CALIFORNIA
"AFT MEDICAL SERVICES, INC. (3269171)",01/04/2010,Active,Stock Corporation - CA - General,CALIFORNIA
"AFTER HOURS MED SUPPLY , INC (6152990)",03/20/2024,Active,Stock Corporation - CA - General,CALIFORNIA
"AFZAL H. SAHIBZADA, M.D., A MEDICAL CORPORATION (2823133)",01/03/2006,Suspended - FTB,Stock Corporation - CA - General,CALIFORNIA
"AG AMERICAN MEDICAL GROUP, INC. (3586108)",07/09/2013,Suspended - FTB,Stock Corporation - CA - General,CALIFORNIA
"AG MEDICAL SERVICES, INC. (4035821)",06/12/2017,Terminated,Stock Corporation - CA - General,CALIFORNIA
AGAPE MEDTECS INC. (4597197),05/28/2020,Active,Stock Corporation - CA - General,CALIFORNIA
"AGE RIGHT MED SPA, INC. (2914199)",03/07/2007,Suspended - FTB/SOS,Stock Corporation - CA - General,CALIFORNIA
AGE WELL ACUPUNCTURE & MED SPA INC (5824057),07/17/2023,Inactive,Name Reservation,CALIFORNIA
AGE WELL MED SPA INC. (5840689),07/28/2023,Active,Stock Corporation - CA - Professional,CALIFORNIA
AGHAPY MEDICAL GROUP INC. (3167026),11/04/2008,Suspended - FTB/SOS,Stock Corporation - CA - General,CALIFORNIA
AGING GRACEFULLY MEDICAL CORPORATION (2278230),06/07/2002,Terminated,Stock Corporation - CA - General,CALIFORNIA
"AGOURA HILLS URGENT CARE MEDICAL GROUP, INC. (1064850)",01/26/1982,Suspended - FTB,Stock Corporation - CA - General,CALIFORNIA
AGS MED BILLING LLC (202355013616),02/10/2023,Active,Limited Liability Company - CA,CALIFORNIA
AGS MED BILLING LLC (5474561),01/29/2023,Inactive,Name Reservation,CALIFORNIA
"AHAVA MED SPA, PC (4099315)",01/02/2018,Active,Stock Corporation - CA - Professional,CALIFORNIA
Ahlam. S Med Corp (5933391),10/06/2023,Active,Stock Corporation - CA - Professional,CALIFORNIA
"AHLES MEDICAL GROUP, INC. (892348)",07/18/1978,Suspended - FTB,Stock Corporation - CA - General,CALIFORNIA
"AHRYA DERAKHSHANI MD, MEDICAL CORPORATION (4862393)",03/21/2022,Active,Stock Corporation - CA - General,CALIFORNIA
AI Med MD Limited Liability Company (202356718162),04/25/2023,Active,Limited Liability Company - CA,CALIFORNIA
"AIM MEDICAL ENTERPRISES, INC. (879567)",12/14/1978,Suspended - FTB,Stock Corporation - CA - General,CALIFORNIA
"AIMS MEDICAL BILLING, INC. (3831217)",10/02/2015,Terminated,Stock Corporation - CA - General,CALIFORNIA
"AIR MEDICAL GROUP, INC. (2189689)",04/13/2000,Active,Stock Corporation - CA - General,CALIFORNIA
"AIRE MEDICAL GROUP, INC. (3618354)",11/07/2013,Active,Stock Corporation - CA - General,CALIFORNIA
"AIRLINE MEDIA PRODUCTIONS, INC. (3563188)",05/07/2013,Terminated,Stock Corporation - Out of State - Stock,DELAWARE
"AIRPORT MEDIC EMERGENCY & INDUSTRIAL MEDICAL CLINIC, INC. (1221011)",01/11/1984,Suspended - FTB,Stock Corporation - CA - General,CALIFORNIA
AIRPORT MEDICAL SUPPLY (2990124),04/03/2007,Suspended - FTB,Stock Corporation - CA - General,CALIFORNIA
"AIRPORT MEDICAL, INC. (1800080)",08/23/1991,Terminated,Stock Corporation - CA - General,CALIFORNIA
"AIRPORT-PLAYA WOMEN'S MEDICAL GROUP, INC. (1971571)",06/17/1996,Terminated,Stock Corporation - CA - General,CALIFORNIA
AKA MEDICAL SOLUTIONS (4024675),05/10/2017,Terminated,Nonprofit Corporation - CA - Mutual Benefit,CALIFORNIA
"AKASH BAJAJ, M.D., INC., A CALIFORNIA PROFESSIONAL MEDICAL CORPORATION (3117684)",12/16/2008,Active,Stock Corporation - CA - Professional,CALIFORNIA
AKOYA MED SPA (B20250135418),05/21/2025,Active,Stock Corporation - CA - Professional,CALIFORNIA
"ALAMEDA COUNTY MEDICAL CENTER PEDIATRIC GROUP, A MEDICAL CORPORATION (1830467)",09/10/1993,Terminated,Stock Corporation - CA - General,CALIFORNIA
"ALAMEDA INPATIENT MEDICAL, INC. (2877842)",05/12/2006,Active,Stock Corporation - CA - General,CALIFORNIA
"ALAMEDA IPA, ISLAND MEDICAL ASSOCIATION, A MEDICAL GROUP, INC. (1826876)",12/30/1992,Terminated,Stock Corporation - CA - General,CALIFORNIA
"ALAMITOS RENAL - MEDICAL GROUP, INC. (938625)",08/22/1979,Terminated,Stock Corporation - CA - General,CALIFORNIA
ALAMO MEDICAL SUPPLY & EQUIPMENT CO. (1767547),07/27/1995,Terminated,Stock Corporation - CA - General,CALIFORNIA
"ALAN A. SILVER, M.D., A MEDICAL CORPORATION (1088655)",08/28/1981,Terminated,Stock Corporation - CA - General,CALIFORNIA
ALAN L. MOSLEY MEDICAL CORPORATION (666772),10/06/1972,Suspended - FTB,Stock Corporation - CA - General,CALIFORNIA
"ALAN SHIFMAN CHARLES, M.D., A MEDICAL CORPORATION (978498)",03/25/1980,Terminated,Stock Corporation - CA - General,CALIFORNIA
"ALARA MEDICAL, INCORPORATED (4591704)",05/05/2020,Suspended - FTB,Stock Corporation - CA - General,CALIFORNIA
"ALBERT F. GARIB, M.D. MEDICAL CORPORATION A PROFESSIONAL CORPORATION (1475315)",01/12/1990,Terminated,Stock Corporation - CA - Professional,CALIFORNIA
"ALBERT H. LERNER, M.D. A MEDICAL CORPORATION (709609)",09/24/1974,Terminated,Stock Corporation - CA - General,CALIFORNIA
ALBERT J. CARSEN MEDICAL CORPORATION (802140),11/03/1976,Terminated,Stock Corporation - CA - General,CALIFORNIA
ALCAM MEDICAL INC. (2890414),07/24/2006,Active,Stock Corporation - CA - General,CALIFORNIA
"ALCHEMY 7 MEDIA, INC. (2949406)",07/26/2007,Active,Stock Corporation - CA - General,CALIFORNIA
"ALDIN MEDICAL SUPPLY, INC. (1059510)",11/12/1981,Suspended - FTB,Stock Corporation - CA - General,CALIFORNIA
"ALEPH DENTAL AND MEDICAL, INC. (1897383)",03/21/1995,Suspended - FTB/SOS,Stock Corporation - CA - General,CALIFORNIA
"ALERACARE MEDICAL GROUP OF CALIFORNIA, A MEDICAL CORPORATION (4306610)",08/12/2019,Active,Stock Corporation - CA - General,CALIFORNIA
"ALEX DENES, M.D., F.A.C.P., A MEDICAL CORPORATION (867789)",06/20/1978,Suspended - FTB,Stock Corporation - CA - General,CALIFORNIA
"ALEX MEDIA, INC. (1052856)",08/25/1981,Terminated,Stock Corporation - CA - General,CALIFORNIA
"ALEXANDER CLINIC MEDICAL GROUP, INC. (1461874)",05/19/1989,Terminated,Stock Corporation - CA - General,CALIFORNIA
"ALEXANDER M. GUSHANSKY, M.D., A MEDICAL CORPORATION (995150)",08/14/1980,Terminated,Stock Corporation - CA - General,CALIFORNIA
"ALEXANDRA M. DYER, M.D., A MEDICAL CORPORATION (4738313)",04/29/2021,Active,Stock Corporation - CA - General,CALIFORNIA
ALFA MEDICAL SUPPLY INC. (1645285),07/12/1989,Terminated,Stock Corporation - CA - General,CALIFORNIA
Alfie Med LLC (B20250204419),07/12/2025,Active,Limited Liability Company - CA,CALIFORNIA
"ALFRET MORADIAN, MD, A MEDICAL CORPORATION (3145836)",06/03/2009,Active,Stock Corporation - CA - General,CALIFORNIA
"ALG MEDIA, INC. (3736727)",12/19/2014,Active,Stock Corporation - CA - General,CALIFORNIA
"ALHAMBRA ALLERGY CONTROL MEDICAL CLINIC, INC. (871432)",08/15/1978,Suspended - FTB,Stock Corporation - CA - General,CALIFORNIA
"ALHAMBRA FAMILY MEDICAL CENTER, A MEDICAL PROFESSIONAL CORPORATION (2456955)",01/28/2003,Active,Stock Corporation - CA - Professional,CALIFORNIA
"ALHAMBRA PRIMARY CARE MEDICAL GROUP, INC. (1411758)",07/03/1987,Terminated,Stock Corporation - CA - General,CALIFORNIA
"AL-HASAN M.D., A MEDICAL CORPORATION (2741980)",04/12/2005,Suspended - FTB,Stock Corporation - CA - General,CALIFORNIA
ALIBABA MEDITERRANEAN GRILL INC. (3619499),11/14/2013,Active,Stock Corporation - CA - General,CALIFORNIA
"ALICE MEYLER,M.D. COMMUNITY MEDICAL GROUP OF SAN GABRIEL, INC. (1226830)",09/12/1983,Suspended - FTB,Stock Corporation - CA - General,CALIFORNIA
"ALICIA HAGLUND, M.D., A MEDICAL CORPORATION (2565048)",11/14/2003,Terminated,Stock Corporation - CA - General,CALIFORNIA
Align and Thrive Med Spa LLC (B20250102262),05/02/2025,Active,Limited Liability Company - CA,CALIFORNIA
Aline Med LLC (B20250215438),07/20/2025,Active,Limited Liability Company - CA,CALIFORNIA
"ALISO FAMILY MEDICAL GROUP, A MEDICAL CORPORATION (1095092)",10/30/1981,Suspended - FTB,Stock Corporation - CA - General,CALIFORNIA
"ALIYA S. FEROUZ, M.D., MEDICAL CORPORATION (2119838)",09/10/1998,Terminated,Stock Corporation - CA - General,CALIFORNIA
ALL ACCESS MEDIA (2448039),09/25/2002,Suspended - FTB,Stock Corporation - CA - General,CALIFORNIA
"ALL AMERICAN MEDICAL GROUP, INC. (1360680)",12/20/1985,Suspended - FTB/SOS,Stock Corporation - CA - General,CALIFORNIA
"ALL CITIES MEDICAL SOLUTIONS, A PROFESSIONAL MEDICAL CORPORATION (3226460)",08/27/2009,Suspended - FTB/SOS,Stock Corporation - CA - Professional,CALIFORNIA
ALL FAMILY NEIGHBORHOOD MEDICAL AND WELLNESS CENTER INC. A NURSING CORPORATION (2843314),09/19/2006,Suspended - FTB/SOS,Stock Corporation - CA - General,CALIFORNIA
"ALL IN ONE HEALTH, INC., A PROFESSIONAL MEDICAL CORPORATION (4719424)",03/18/2021,Terminated,Stock Corporation - CA - Professional,CALIFORNIA
All in One Med Spa Inc (6367127),08/29/2024,Active,Stock Corporation - CA - General,CALIFORNIA
"ALL INCLUSIVE MEDICAL SERVICES, INC. (3698598)",07/31/2014,Active,Stock Corporation - CA - General,CALIFORNIA
ALL MED PRACTICES LLC (202355615682),03/26/2023,Terminated,Limited Liability Company - Out of State,FLORIDA
All Med Search Inc (B20250342169),10/15/2025,Active,Stock Corporation - CA - General,CALIFORNIA
"ALL MEDIA COMUNICATION , INC (3048764)",10/03/2007,Suspended - FTB,Stock Corporation - CA - General,CALIFORNIA
"ALL MEDIA RESTORATION, INC. (2572336)",01/09/2004,Suspended - FTB/SOS,Stock Corporation - CA - General,CALIFORNIA
"ALL MEDICAL EQUIPMENT COMPANY, INC. (1520948)",11/01/1991,Suspended - FTB,Stock Corporation - CA - General,CALIFORNIA
"ALL NIGHT MEDIA, INC. (2125830)",11/12/1998,Terminated,Stock Corporation - Out of State - Stock,DELAWARE
"ALL PARTNERS MEDICAL, A PROF. MEDICAL CORP. (5674706)",04/24/2023,Terminated,Stock Corporation - CA - Professional,CALIFORNIA
"ALL SOLUTIONS MEDICAL BILLING, INC. (3979428)",01/06/2017,Active,Stock Corporation - CA - General,CALIFORNIA
ALL STARS MEDICAL AND NON MEDICAL STAFFING AGENCY LLC (201729810472),10/19/2017,Suspended - FTB,Limited Liability Company - CA,CALIFORNIA
All Zone Med. Transportation LLC (202356917764),05/03/2023,Terminated,Limited Liability Company - CA,CALIFORNIA
All Zone Med. Transportation LLC (202461317965),03/11/2024,Terminated,Limited Liability Company - CA,CALIFORNIA
All Zone Med. Transportation LLC (6131193),03/06/2024,Inactive,Name Reservation,CALIFORNIA
"ALLAN & MARIA'S MEDICAL PRODUCTS COMPANY, INC. (1594316)",08/05/1987,Terminated,Stock Corporation - CA - General,CALIFORNIA
ALLANTE MED INC (5326227),11/07/2022,Active,Stock Corporation - CA - General,CALIFORNIA
"ALLEGED MEDIA, INC. (3299490)",05/21/2010,Terminated,Stock Corporation - CA - General,CALIFORNIA
"ALLEGRO MED. SPA, INC. (2899443)",07/17/2006,Terminated,Stock Corporation - CA - General,CALIFORNIA
"ALLEN J. ENELOW, M.D., A MEDICAL CORPORATION (962343)",09/28/1979,Terminated,Stock Corporation - CA - General,CALIFORNIA
"ALLEN L. LECHTMAN, M. D., A MEDICAL CORPORATION (963382)",10/03/1979,Terminated,Stock Corporation - CA - General,CALIFORNIA
"ALLEN MEDICAL GROUP, INC. (3047698)",09/21/2007,Suspended - FTB,Stock Corporation - CA - General,CALIFORNIA
"ALLEN S. MORRIS, M.D., MEDICAL CORPORATION (1824186)",07/01/1992,Terminated,Stock Corporation - CA - General,CALIFORNIA
"ALLERGY & ASTHMA MEDICAL CLINIC, INC. (926662)",07/30/1979,Active,Stock Corporation - CA - General,CALIFORNIA
"ALLERGY AND ASTHMA CENTER MEDICAL GROUP, INC. (934214)",06/27/1979,Terminated,Stock Corporation - CA - General,CALIFORNIA
"ALLERGY ASTHMA CENTER OF THE CENTRAL VALLEY, A MEDICAL CORPORATION (2487449)",02/06/2003,Terminated,Stock Corporation - CA - General,CALIFORNIA
"ALLEZ MEDICAL APPLICATIONS, INC. (2495468)",01/16/2003,Active,Stock Corporation - CA - General,CALIFORNIA
"ALLIANCE MEDIA GROUP, INC. (3086135)",02/04/2008,Terminated,Stock Corporation - CA - General,CALIFORNIA
"ALLIANCE MEDICAL PRODUCTS, INC. (1789876)",08/29/1996,Forfeited - FTB,Stock Corporation - Out of State - Stock,DELAWARE
"ALLIANT MEDIA GROUP, INC. (2724481)",01/20/2005,Active,Stock Corporation - CA - General,CALIFORNIA
"ALLIED MED SERVICES, INC. (3533297)",12/24/2012,Terminated,Stock Corporation - CA - General,CALIFORNIA
"ALLIED MEDICAL & DIAGNOSTIC GROUP, INC. (4635467)",08/25/2020,Suspended - FTB,Stock Corporation - CA - General,CALIFORNIA
"ALLIED MULTICULTURAL MEDICAL ASSOCIATES, INC. (1738754)",02/08/1994,Suspended - FTB,Stock Corporation - CA - General,CALIFORNIA
ALL-IN MEDICAL CENTER INC. (4779726),08/20/2021,Active,Stock Corporation - CA - General,CALIFORNIA
ALLSAFE MEDICAL GROUP FOUNDATION (3760452),02/24/2015,Suspended - FTB,Nonprofit Corporation - CA - Public Benefit,CALIFORNIA
ALLURE AESTHETICS MED LLC (B20250067956),04/11/2025,Active,Limited Liability Company - Out of State,WYOMING
"ALLURE MEDICAL AESTHETICS, A PROFESSIONAL CORPORATION (4657054)",10/23/2020,Active,Stock Corporation - CA - Professional,CALIFORNIA
"ALLURE MEDICAL SPA, A MEDICAL CORPORATION (4588650)",05/04/2020,Suspended - FTB,Stock Corporation - CA - General,CALIFORNIA
Ally Med (5712260),05/10/2023,Inactive,Name Reservation,CALIFORNIA
Alma Hispana Medical Clinic a Medical Professional Corporation (B20250441799),12/30/2025,Active,Stock Corporation - CA - Professional,CALIFORNIA
"Alma Oasis Med Spa & IV Hydration, PC (6129643)",03/14/2024,Active,Stock Corporation - CA - Professional,CALIFORNIA
"ALMA R. BISHOP, D.P.M., PODIATRIC MEDICAL CENTER, INC. (1998757)",01/13/1997,Terminated,Stock Corporation - CA - General,CALIFORNIA
"ALMADEN FAMILY PHYSICIANS MEDICAL GROUP, INC. (1914882)",10/17/1994,Terminated,Stock Corporation - CA - General,CALIFORNIA
ALMEC MEDICAL INC (4625872),08/04/2020,Active,Stock Corporation - CA - General,CALIFORNIA
ALOHA CARE MEDICAL BILLING INC (4016790),04/19/2017,Active,Stock Corporation - CA - General,CALIFORNIA
"Alpha Med Enterprises, Inc. (6177191)",04/07/2024,Active,Stock Corporation - CA - General,CALIFORNIA
"Alpha Med Solutions, Inc (6274510)",06/18/2024,Active,Stock Corporation - CA - General,CALIFORNIA
"Alpha Med, LLC (202462719028)",06/27/2024,Active,Limited Liability Company - Out of State,FLORIDA
ALPHA MEDIA GROUP INC. (3192483),03/17/2009,Forfeited - FTB/SOS,Stock Corporation - Out of State - Stock,DELAWARE
"ALPHA MEDICAL GROUP OF STANISLAUS COUNTY, A MEDICAL PROFESSIONAL CORPORATION (1935333)",02/13/1996,Terminated,Stock Corporation - CA - Professional,CALIFORNIA
"ALPHA MEDICAL HEALTH SYSTEMS MEDICAL GROUP, A PROFESSIONAL MEDICAL CORPORATION (1212986)",10/06/1983,Suspended - FTB,Stock Corporation - CA - Professional,CALIFORNIA
"ALPHA MEDICAL MANAGEMENT, INC. (1446106)",09/23/1988,Suspended - FTB,Stock Corporation - CA - General,CALIFORNIA
"ALPHA OMEGA IOM, A MEDICAL CORPORATION (4857236)",03/02/2022,Active,Stock Corporation - CA - General,CALIFORNIA
"ALPINE EMERGENCY PHYSICIANS MEDICAL GROUP, INC. (3079161)",03/12/2008,Terminated,Stock Corporation - CA - General,CALIFORNIA
"ALPTEKIN UCMAKLI, M.D., A MEDICAL CORPORATION (947957)",12/19/1979,Terminated,Stock Corporation - CA - General,CALIFORNIA
"ALSHIFAA MEDICAL GROUP, A PROFESSIONAL MEDICAL CORP (B20250283472)",09/03/2025,Active,Stock Corporation - CA - Professional,CALIFORNIA
Alta Med Spec LLC (B20250382921),11/21/2025,Active,Limited Liability Company - Out of State,UTAH
"ALTA MEDICAL SYSTEMS, INC. (1152539)",07/08/1982,Suspended - FTB,Stock Corporation - CA - General,CALIFORNIA
"ALTERNATIVE MEDIA CREATIONS, INC. (1978189)",09/03/1996,Terminated,Stock Corporation - CA - General,CALIFORNIA
"ALTERNATIVE MEDICAL CARE OF CALIFORNIA, A MEDICAL CORPORATION (2459233)",02/26/2003,Terminated,Stock Corporation - CA - General,CALIFORNIA
"ALTERNATIVE MEDICAL SERVICES, INC. (3436354)",12/19/2011,Suspended - FTB,Stock Corporation - CA - General,CALIFORNIA
"ALTERNATIVE MEDICINE MEDICAL CENTERS, A PROFESSIONAL MEDICAL CORPORATION (2242583)",01/16/2001,Suspended - FTB,Stock Corporation - CA - Professional,CALIFORNIA
"ALTERNATIVE MEDICINE.COM, INC. (2181682)",11/10/1999,Terminated,Stock Corporation - Out of State - Stock,DELAWARE
ALTITUDE MED GROUP (3938733),08/22/2016,Suspended - FTB/SOS,Nonprofit Corporation - CA - Mutual Benefit,CALIFORNIA
Alton Med LLC (202460910608),02/06/2024,Active,Limited Liability Company - CA,CALIFORNIA
"ALTOS MEDICAL ACUPUNCTURE, INC. (2943745)",01/17/2007,Terminated,Stock Corporation - Out of State - Stock,DELAWARE
ALUMNI ASSOCIATION OF SOUTHERN MEDICAL UNIVERSITY-NA (3961179),11/07/2016,Suspended - FTB,Nonprofit Corporation - CA - Public Benefit,CALIFORNIA
"ALVARADO MEDICAL CLINIC, INC. (2707806)",11/05/2004,Terminated,Stock Corporation - CA - General,CALIFORNIA
"ALVARADO PHYSICIANS MEDICAL GROUP, A PROFESSIONAL MEDICAL CORPORATION (3696096)",07/22/2014,Active,Stock Corporation - CA - Professional,CALIFORNIA
"ALVARADO X-RAY MEDICAL GROUP, INC. (589134)",01/05/1970,Terminated,Stock Corporation - CA - General,CALIFORNIA
ALVI ARMANI MEDICAL INC. (2681334),11/02/2004,Terminated,Stock Corporation - CA - General,CALIFORNIA
"ALWAYS FAMILY FIRST MEDICAL CLINIC, INC. (2133546)",02/10/1999,Suspended - FTB/SOS,Stock Corporation - CA - General,CALIFORNIA
ALZHEIMER'S INTEGRATIVE MEDICINE FOUNDATION (3438822),12/28/2011,Active,Nonprofit Corporation - CA - Public Benefit,CALIFORNIA
AM MED SERVICES (6344104),08/12/2024,Active,Stock Corporation - CA - General,CALIFORNIA
AMA Med Express LLC (B20250109883),05/07/2025,Active,Limited Liability Company - CA,CALIFORNIA
AMA Med Services LLC (B20250144031),05/30/2025,Active,Limited Liability Company - CA,CALIFORNIA
"AMADOR CARDIOLOGY ASSOCIATES MEDICAL GROUP, INC. (1505527)",11/01/1988,Suspended - FTB,Stock Corporation - CA - General,CALIFORNIA
"AMADOR MEDICAL CLINIC, A MEDICAL CORPORATION (2397458)",05/07/2002,Terminated,Stock Corporation - CA - General,CALIFORNIA
"AMADOR OUTPATIENT FAMILY MEDICAL GROUP, INC. (1856655)",04/08/1993,Terminated,Stock Corporation - CA - General,CALIFORNIA
AMANA MED TRANS LLC (202565311484),01/10/2025,Active,Limited Liability Company - CA,CALIFORNIA
"AMANDA CARE MEDICAL SUPPLY, INC. (2778130)",12/06/2005,Suspended - FTB/SOS,Stock Corporation - CA - General,CALIFORNIA
"AMARDEEP S. MANN, MD, MEDICAL CORPORATION (2490594)",01/01/2003,Terminated,Stock Corporation - CA - General,CALIFORNIA
"AMAZEMENT MEDIA, INC. (3363742)",03/04/2011,Active,Stock Corporation - CA - General,CALIFORNIA
"AMAZON MEDIA, INC. (2953416)",03/18/2008,Terminated,Stock Corporation - Out of State - Stock,FLORIDA
AMBITION MEDIA CORPORATION (3610857),10/09/2013,Suspended - FTB,Stock Corporation - CA - General,CALIFORNIA
"AMBROCO MEDIA GROUP, INC. (1867617)",10/12/1993,Active,Stock Corporation - Out of State - Stock,DELAWARE
"AMBULATORY MEDICAL SYSTEMS, A MEDICAL GROUP, A PROFESSIONAL CORPORATION (891818)",07/11/1978,Terminated,Stock Corporation - CA - Professional,CALIFORNIA
"AMCS MEDICAL, A MEDICAL CORPORATION (4715457)",03/08/2021,Active,Stock Corporation - CA - General,CALIFORNIA
"AMD MEDICAL GROUP, INC. (2889187)",07/14/2006,Terminated,Stock Corporation - CA - General,CALIFORNIA
"AMEER AND GANA MODY, MD, A PROFESSIONAL MEDICAL CORPORATION (2867678)",02/22/2006,Suspended - FTB/SOS,Stock Corporation - CA - Professional,CALIFORNIA
AMERI MED LLC (202357111776),05/10/2023,Active,Limited Liability Company - CA,CALIFORNIA
AMERICA CALIFORNIA REPRODUCTIVE MEDICINE ASSOCIATION (3247232),06/07/2010,Suspended - FTB,Stock Corporation - CA - General,CALIFORNIA
"AMERICA EVERGREEN MEDICAL GROUP, INC. (1489779)",11/15/1990,Terminated,Stock Corporation - CA - General,CALIFORNIA
AMERICAN ACADEMY OF MEDICAL ACUPUNCTURE (1197266),06/01/1987,Active,Nonprofit Corporation - CA - Mutual Benefit,CALIFORNIA
"AMERICAN ACADEMY OF MEDICAL AND TECHNICAL CAREERS, INCORPORATED (3215264)",06/08/2009,Terminated,Stock Corporation - CA - General,CALIFORNIA
AMERICAN ASSOCIATION FOR MEDICAL BENEFITS (2418497),05/22/2002,Forfeited - FTB,Nonprofit Corporation - Out of State,DELAWARE
"AMERICAN BEAUTY MEDICAL, PC, A PROFESSIONAL MEDICAL CORPORATION (4144393)",05/02/2018,Active,Stock Corporation - CA - Professional,CALIFORNIA
AMERICAN BLUE STAR MEDICAL CORPORATION (3694342),07/16/2014,Suspended - FTB,Stock Corporation - CA - General,CALIFORNIA
AMERICAN CANCER REHABILITATION MEDICAL CENTER (4306430),08/09/2019,Suspended - FTB/SOS,Stock Corporation - CA - General,CALIFORNIA
AMERICAN CENTER OF NATURAL MEDICINE (3038642),04/10/2008,Suspended - FTB,Stock Corporation - CA - General,CALIFORNIA
AMERICAN CHINESE WOMEN CULTURAL MEDIA CLUB (3809412),07/21/2015,Suspended - FTB/SOS,Nonprofit Corporation - CA - Mutual Benefit,CALIFORNIA
AMERICAN CINEMATIC MEDIA EDUCATION (4156024),05/22/2018,Suspended - FTB/SOS,Nonprofit Corporation - CA - Public Benefit,CALIFORNIA
AMERICAN COLLEGE OF GENERAL PRACTITIONERS IN OSTEOPATHIC MEDICINE AND SURGERY (244011),04/04/1950,Terminated,Nonprofit Corporation - CA - General,CALIFORNIA
"AMERICAN DERMATOLOGISTS' MEDICAL GROUP INC., A CALIFORNIA PROFESSIONAL MEDICAL CORPORATION (1056829)",10/08/1981,Terminated,Stock Corporation - CA - Professional,CALIFORNIA
AMERICAN DIABETES CHINESE MEDICAL CENTER (2081559),07/18/2000,Active,Stock Corporation - CA - General,CALIFORNIA
AMERICAN EASTERN WESTERN MEDICAL INSTITUTE (2442536),07/12/2002,Suspended - FTB,Nonprofit Corporation - CA - Public Benefit,CALIFORNIA
"AMERICAN HAIR CENTERS, A MEDICAL GROUP INC., A CALIFORNIA PROFESSIONAL MEDICAL CORPORATION (749942)",02/24/1976,Terminated,Stock Corporation - CA - Professional,CALIFORNIA
"AMERICAN HEALTH MEDICAL GROUP, DOWNEY, INC. (1436692)",05/17/1988,Suspended - FTB/SOS,Stock Corporation - CA - General,CALIFORNIA
"AMERICAN HEALTH MEDICAL GROUP, SAN PEDRO, INC. (1721437)",03/09/1993,Merged Out,Stock Corporation - CA - General,CALIFORNIA
AMERICAN HERB & MEDICINE RESEARCH & DEVELOPMENT CORPORATION (2261647),08/31/2000,Terminated,Stock Corporation - CA - General,CALIFORNIA
"AMERICAN INDIAN MEDICAL & EDUCATIONAL DEVELOPMENT, INC. (873354)",09/14/1978,Suspended - FTB,Nonprofit Corporation - CA - Public Benefit,CALIFORNIA
AMERICAN INSTITUTE FOR RESEARCH AND MEDICAL EDUCATION (686652),08/03/1973,Suspended - FTB,Nonprofit Corporation - CA - Public Benefit,CALIFORNIA
AMERICAN INSTITUTE OF CHINESE MEDICINE AGAINST CANCER (2629386),12/06/2004,Terminated,Stock Corporation - CA - General,CALIFORNIA
"AMERICAN INSTITUTE OF FORENSIC MEDICINE & PATHOLOGY MEDICAL CENTER, INC. (2480813)",08/22/2002,Suspended - FTB,Stock Corporation - CA - General,CALIFORNIA
"AMERICAN INSTITUTE OF FORENSIC MEDICINE, INC. (1060406)",11/24/1981,Suspended - FTB,Stock Corporation - CA - General,CALIFORNIA
AMERICAN INSTITUTE OF MEDICAL EDUCATION (1080671),06/17/1981,Active,Nonprofit Corporation - CA - Public Benefit,CALIFORNIA
AMERICAN INSTITUTE OF MEDICINE MEDICAL GROUP (2224836),03/17/2000,Suspended - FTB,Stock Corporation - CA - General,CALIFORNIA
"AMERICAN INSTITUTE OF SURGERY MEDICAL GROUP, INC. (2890605)",07/27/2006,Suspended - FTB,Stock Corporation - CA - General,CALIFORNIA
AMERICAN INTERNATIONAL MEDICAL EXCHANGE FOUNDATION (3691829),07/08/2014,Active,Nonprofit Corporation - CA - Public Benefit,CALIFORNIA
"AMERICAN INTERNATIONAL MEDICAL HOME CARE, INC. (1710912)",08/07/1992,Suspended - FTB,Stock Corporation - CA - General,CALIFORNIA
AMERICAN MED TRANSPORTATION & ADVERTISING INC (5553854),03/06/2023,Active,Stock Corporation - CA - General,CALIFORNIA
"AMERICAN MEDIA ACADEMY, INC. (3486226)",06/06/2012,Suspended - FTB,Nonprofit Corporation - CA - General,CALIFORNIA
AMERICAN MEDIA SOCIETY INC. (3865272),01/19/2016,Active,Nonprofit Corporation - CA - Public Benefit,CALIFORNIA
AMERICAN MEDICAL AESTHETICS AND REGENERATIVE MEDICINE INC. (3218962),07/15/2009,Active,Stock Corporation - CA - General,CALIFORNIA
"AMERICAN MEDICAL AND PSYCHIATRIC CONSULTANTS, A MEDICAL CORPORATION (2977057)",04/03/2007,Terminated,Stock Corporation - CA - General,CALIFORNIA
AMERICAN MEDICAL ARTS - COLLEGE OF MEDICAL AND DENTAL ASSISTANTS (527462),05/31/1967,Suspended - FTB,Stock Corporation - CA - General,CALIFORNIA
AMERICAN MEDICAL BILLING (2461653),08/07/2002,Suspended - FTB/SOS,Stock Corporation - CA - General,CALIFORNIA
"AMERICAN MEDICAL BUILDINGS, INC. (614990)",01/06/1971,Forfeited - FTB/SOS,Stock Corporation - Out of State - Stock,DELAWARE
"AMERICAN MEDICAL CLINICS, A MEDICAL CORPORATION (953374)",03/03/1980,Suspended - FTB/SOS,Stock Corporation - CA - General,CALIFORNIA
"AMERICAN MEDICAL EXCHANGE, INC. (1315802)",08/16/1984,Suspended - FTB,Stock Corporation - CA - General,CALIFORNIA
AMERICAN MEDICAL FORENSIC SPECIALISTS (1826923),01/01/1993,Merged Out,Stock Corporation - CA - General,CALIFORNIA
AMERICAN MEDICAL FOUNDATION FOR INDEPENDENT RESEARCH (341679),07/25/1957,Suspended - FTB,Nonprofit Corporation - CA - General,CALIFORNIA
"AMERICAN MEDICAL GROUP, INCORPORATED (799884)",08/03/1977,Suspended - FTB,Stock Corporation - CA - General,CALIFORNIA
"AMERICAN MEDICAL IMAGING, INC. (3001278)",06/04/2007,Terminated,Stock Corporation - CA - General,CALIFORNIA
AMERICAN MEDICAL LIFE COMPANY (150662),08/23/1932,Forfeited - FTB,Stock Corporation - Out of State - Stock,WASHINGTON
AMERICAN MEDICAL MEDIA INC. (2817745),09/29/2005,Merged Out,Stock Corporation - CA - General,CALIFORNIA
"AMERICAN MEDICAL MEDIA, INC (3655197)",03/10/2014,Terminated,Stock Corporation - Out of State - Stock,NEVADA
AMERICAN MEDICAL ORGANIZATION FOR FOREIGN MEDICAL GRADUATES (1537431),07/18/1986,Terminated - FTB Admin,Nonprofit Corporation - CA - Mutual Benefit,CALIFORNIA
AMERICAN MEDICAL RESEARCH FOUNDATION (3433704),12/09/2011,Active,Nonprofit Corporation - CA - Public Benefit,CALIFORNIA
"AMERICAN MEDICAL RESOURCE SERVICES, INC. (1843494)",07/13/1993,Terminated,Stock Corporation - CA - General,CALIFORNIA
"AMERICAN MEDICAL RESPONSE OF SAN DIEGO, INC. (2008804)",04/24/1997,Active,Stock Corporation - CA - General,CALIFORNIA
"AMERICAN MEDICAL SECURITY, INC. (1919550)",12/29/1994,Terminated,Stock Corporation - Out of State - Stock,DELAWARE
AMERICAN MEDICAL SUPPLY CO. (1079405),06/15/1981,Forfeited - FTB,Stock Corporation - Out of State - Stock,DELAWARE
"AMERICAN MEDICAL TECHNOLOGIES, INC. (2324111)",12/20/2000,Forfeited - FTB/SOS,Stock Corporation - Out of State - Stock,DELAWARE
"AMERICAN MEDICAL TRANSPORT, INC (1997744)",12/13/1996,Active,Stock Corporation - CA - General,CALIFORNIA
"AMERICAN MEDICAL TREATMENT FACILITIES, INC. (1580233)",02/23/1987,Forfeited - FTB,Stock Corporation - Out of State - Stock,MICHIGAN
"AMERICAN MEDICAL WOMEN'S ASSOCIATION MOTHER LODE BRANCH, INC. (1132312)",01/20/1983,Terminated,Nonprofit Corporation - CA - Public Benefit,CALIFORNIA
AMERICAN MEDICINE AID FOR AFRICA (2527177),10/22/2003,Suspended - FTB/SOS,Nonprofit Corporation - CA - Public Benefit,CALIFORNIA
"AMERICAN MEDITECH, INC. (3146071)",06/04/2009,Terminated,Stock Corporation - CA - General,CALIFORNIA
AMERICAN NEW ERA TV MEDIA GROUP INC. (3599251),08/27/2013,Suspended - FTB/SOS,Stock Corporation - CA - General,CALIFORNIA
"AMERICAN RUSSIAN MEDIA, INC. (2940779)",12/29/2006,Active,Stock Corporation - CA - General,CALIFORNIA
"AMERICAN SPORTS MEDICINE AND FAMILY FOOT CENTER, PODIATRY GROUP, INC. (1325148)",11/30/1984,Suspended - FTB,Stock Corporation - CA - General,CALIFORNIA
"AMERICAN TELEVISION MEDIA GROUP, INC. (4593220)",05/11/2020,Active,Stock Corporation - Out of State - Stock,DELAWARE
"AMERICAN VETERANS MEDIA, INC. (3580595)",06/17/2013,Suspended - FTB,Stock Corporation - CA - General,CALIFORNIA
"AMERICAN WAY TV MEDIA, INC. (1392287)",11/24/1986,Suspended - FTB,Stock Corporation - CA - General,CALIFORNIA
"AMERICAN WOMEN'S MEDICAL CLINIC, INC. (1314997)",08/07/1984,Suspended - FTB/SOS,Stock Corporation - CA - General,CALIFORNIA
"AMERICAN-CAL MEDICAL SERVICES, INC. (737433)",06/02/1975,Merged Out,Stock Corporation - CA - General,CALIFORNIA
AMERICAN-CHINESE MEDICAL DOCTOR ASSOCIATION (ACMDA) (3539689),01/18/2013,Terminated,Stock Corporation - CA - General,CALIFORNIA
"AMERICAS' MEDICAL GROUP, INC. (1214672)",10/26/1983,Suspended - FTB/SOS,Stock Corporation - CA - General,CALIFORNIA
"AMERICA'S MEDICAL MARKET PLACE, INC. (1941643)",06/13/1995,Forfeited - FTB,Stock Corporation - Out of State - Stock,DELAWARE
"AMERISOFT MEDICAL, INC. (3012688)",08/15/2007,Suspended - FTB,Stock Corporation - CA - General,CALIFORNIA
"AMF MEDICAL, INC. (2133734)",01/15/1999,Terminated,Stock Corporation - Out of State - Stock,NEVADA
AMH COMPREHENSIVE MEDICAL CENTERS (3330926),11/02/2010,Active,Nonprofit Corporation - CA - Public Benefit,CALIFORNIA
AMI MED CORPORATION (1574307),05/01/1991,Suspended - FTB,Stock Corporation - CA - General,CALIFORNIA
"AMICA MEDICAL CLINIC, A MEDICAL CORPORATION (2191523)",05/19/2000,Suspended - FTB,Stock Corporation - CA - General,CALIFORNIA
"AMINI MEDICAL INSTITUTE, INC. (2099544)",01/07/1999,Suspended - FTB,Stock Corporation - CA - General,CALIFORNIA
AMISTAD MULTI MEDIA INC (3279085),02/16/2010,Terminated,Stock Corporation - CA - General,CALIFORNIA
"AMM MEDICAL, INC. A MEDICAL CORPORATION (1848396)",12/14/1992,Terminated,Stock Corporation - CA - General,CALIFORNIA
AMPEX RECORDING MEDIA CORPORATION (1524274),07/13/1992,Terminated,Stock Corporation - Out of State - Stock,DELAWARE
"AMPLIFY MEDICAL, INC. (3660676)",03/26/2014,Terminated,Stock Corporation - CA - General,CALIFORNIA
"AMPLIFY MEDICAL, PC (4724240)",03/30/2021,Active,Stock Corporation - CA - Professional,CALIFORNIA
"AMS MEDICAL, INC. (1831387)",11/16/1993,Terminated,Stock Corporation - CA - General,CALIFORNIA
"AMY T. BANDY, MEDICAL CORPORATION (1952163)",10/24/1995,Active,Stock Corporation - CA - General,CALIFORNIA
ANAHEIM GENERAL MEDICAL CENTER (1718793),01/20/1993,Suspended - FTB/SOS,Stock Corporation - CA - General,CALIFORNIA
"ANAHEIM HILLS MEDICAL GROUP, A MEDICAL CORPORATION (2533685)",06/26/2003,Terminated,Stock Corporation - CA - General,CALIFORNIA
"ANAHEIM HILLS WELLNESS CENTER, A MEDICAL CORPORATION (2533688)",06/26/2003,Suspended - FTB/SOS,Stock Corporation - CA - General,CALIFORNIA
"ANAHEIM MEDICAL CONSOLIDATED, INC. (1150177)",06/10/1982,Terminated,Stock Corporation - CA - General,CALIFORNIA
"ANAHEIM MEDICAL GENERAL LABORATORY, INC. (746000)",09/05/1975,Suspended - FTB,Stock Corporation - CA - General,CALIFORNIA
"ANAHEIM PHYSICIANS MEDICAL GROUP, A MEDICAL CORPORATION (772985)",06/28/1976,Suspended - FTB,Stock Corporation - CA - General,CALIFORNIA
"ANALYTICA MEDICA, INC. (2343822)",05/03/2001,Terminated,Stock Corporation - CA - General,CALIFORNIA
"ANANIA MEDTECH, INC. (4768093)",07/20/2021,Active,Stock Corporation - CA - General,CALIFORNIA
"ANCHOR MEDICAL GROUP, A MEDICAL CORPORATION (1983982)",05/08/1997,Terminated,Stock Corporation - CA - General,CALIFORNIA
ANCHOR MEDICAL SUPPLY INC. (4857959),03/03/2022,Active,Stock Corporation - CA - General,CALIFORNIA
"ANDALEX MEDICAL GROUP, INC., A MEDICAL CORPORATION (2822900)",01/01/2006,Terminated,Stock Corporation - CA - General,CALIFORNIA
Anderson-Shapiro Bio Med LLC (202565612337),01/30/2025,Active,Limited Liability Company - CA,CALIFORNIA
Andex Med Condos LLC (202463712247),09/03/2024,Active,Limited Liability Company - CA,CALIFORNIA
"ANDRES MEDICAL CLINIC, A MEDICAL CORPORATION (2393475)",03/19/2002,Terminated,Stock Corporation - CA - General,CALIFORNIA
"ANDREW K. MCLAREN, A MEDICAL CORPORATION (1040500)",04/01/1981,Merged Out,Stock Corporation - CA - General,CALIFORNIA
"ANDREW L. NASH, M.D., A MEDICAL CORPORATION (3312789)",08/09/2010,Terminated,Stock Corporation - CA - General,CALIFORNIA
"ANDREW M. STEINER, M.D., MEDICAL CORPORATION (3761731)",02/27/2015,Terminated,Stock Corporation - CA - General,CALIFORNIA
ANDREW MARTIN DO MEDICAL CORPORATION (4605357),06/10/2020,Terminated,Stock Corporation - CA - General,CALIFORNIA
"ANDREW NGUYEN, D.O., A MEDICAL CORPORATION (2189416)",04/06/2000,Terminated,Stock Corporation - CA - General,CALIFORNIA
"ANESTHESIA ASSOCIATES OF CHICO MEDICAL GROUP, INC. (1925596)",01/10/1995,Active,Stock Corporation - CA - General,CALIFORNIA
"ANESTHESIA CONSULTANTS OF CALIFORNIA MEDICAL GROUP, INC. (1874223)",10/24/1994,Active,Stock Corporation - CA - General,CALIFORNIA
ANESTHESIA CONSULTANTS OF ESCONDIDO MEDICAL GROUP INC. (1557746),10/27/1988,Terminated,Stock Corporation - CA - General,CALIFORNIA
"ANESTHESIA PRACTICE ASSOCIATES OF INTERCOMMUNITY MEDICAL CENTER, INC. (2439161)",02/25/2004,Suspended - FTB/SOS,Stock Corporation - CA - General,CALIFORNIA
"ANESTHESIA PROVIDER GROUP, A MEDICAL CORPORATION (1753989)",11/18/1994,Suspended - FTB,Stock Corporation - CA - General,CALIFORNIA
